"date","interval","date_rep","ntested_influenza","source","file","pathogen","npos","isoweek","week","year","doy","time"
2010-01-08,"weekly",2010-01-29,255,"influenza surveillance reports","2010-01","RSV",9,1,2,2010,8,0
2010-01-15,"weekly",2010-01-29,213,"influenza surveillance reports","2010-01","RSV",15,2,3,2010,15,7
2010-01-22,"weekly",2010-01-29,176,"influenza surveillance reports","2010-01","RSV",12,3,4,2010,22,14
2010-01-29,"weekly",2010-01-29,171,"influenza surveillance reports","2010-01","RSV",16,4,5,2010,29,21
2010-02-05,"weekly",2010-02-26,208,"influenza surveillance reports","2010-02","RSV",16,5,6,2010,36,28
2010-02-12,"weekly",2010-02-26,260,"influenza surveillance reports","2010-02","RSV",12,6,7,2010,43,35
2010-02-19,"weekly",2010-02-26,312,"influenza surveillance reports","2010-02","RSV",15,7,8,2010,50,42
2010-02-26,"weekly",2010-02-26,291,"influenza surveillance reports","2010-02","RSV",18,8,9,2010,57,49
2010-03-05,"weekly",2010-03-26,407,"influenza surveillance reports","2010-03","RSV",24,9,10,2010,64,56
2010-03-12,"weekly",2010-03-26,319,"influenza surveillance reports","2010-03","RSV",24,10,11,2010,71,63
2010-03-19,"weekly",2010-03-26,369,"influenza surveillance reports","2010-03","RSV",33,11,12,2010,78,70
2010-03-26,"weekly",2010-03-26,361,"influenza surveillance reports","2010-03","RSV",32,12,13,2010,85,77
2010-04-02,"weekly",2010-04-30,307,"influenza surveillance reports","2010-04","RSV",28,13,14,2010,92,84
2010-04-09,"weekly",2010-04-30,307,"influenza surveillance reports","2010-04","RSV",38,14,15,2010,99,91
2010-04-16,"weekly",2010-04-30,369,"influenza surveillance reports","2010-04","RSV",66,15,16,2010,106,98
2010-04-23,"weekly",2010-04-30,392,"influenza surveillance reports","2010-04","RSV",52,16,17,2010,113,105
2010-04-30,"weekly",2010-04-30,367,"influenza surveillance reports","2010-04","RSV",60,17,18,2010,120,112
2010-05-07,"weekly",2010-05-28,392,"influenza surveillance reports","2010-05","RSV",57,18,19,2010,127,119
2010-05-14,"weekly",2010-05-28,498,"influenza surveillance reports","2010-05","RSV",72,19,20,2010,134,126
2010-05-21,"weekly",2010-05-28,537,"influenza surveillance reports","2010-05","RSV",92,20,21,2010,141,133
2010-05-28,"weekly",2010-05-28,518,"influenza surveillance reports","2010-05","RSV",83,21,22,2010,148,140
2010-06-04,"weekly",2010-06-25,523,"influenza surveillance reports","2010-06","RSV",92,22,23,2010,155,147
2010-06-11,"weekly",2010-06-25,557,"influenza surveillance reports","2010-06","RSV",133,23,24,2010,162,154
2010-06-18,"weekly",2010-06-25,549,"influenza surveillance reports","2010-06","RSV",150,24,25,2010,169,161
2010-06-25,"weekly",2010-06-25,655,"influenza surveillance reports","2010-06","RSV",140,25,26,2010,176,168
2010-07-02,"weekly",2010-07-31,600,"influenza surveillance reports","2010-07","RSV",132,26,27,2010,183,175
2010-07-09,"weekly",2010-07-31,679,"influenza surveillance reports","2010-07","RSV",148,27,28,2010,190,182
2010-07-16,"weekly",2010-07-31,751,"influenza surveillance reports","2010-07","RSV",129,28,29,2010,197,189
2010-07-23,"weekly",2010-07-31,687,"influenza surveillance reports","2010-07","RSV",96,29,30,2010,204,196
2010-07-30,"weekly",2010-07-31,672,"influenza surveillance reports","2010-07","RSV",104,30,31,2010,211,203
2010-08-06,"weekly",2010-08-27,800,"influenza surveillance reports","2010-08","RSV",83,31,32,2010,218,210
2010-08-13,"weekly",2010-08-27,685,"influenza surveillance reports","2010-08","RSV",55,32,33,2010,225,217
2010-08-20,"weekly",2010-08-27,937,"influenza surveillance reports","2010-08","RSV",47,33,34,2010,232,224
2010-08-27,"weekly",2010-08-27,870,"influenza surveillance reports","2010-08","RSV",37,34,35,2010,239,231
2010-09-03,"weekly",2010-10-01,911,"influenza surveillance reports","2010-09","RSV",48,35,36,2010,246,238
2010-09-10,"weekly",2010-10-01,1020,"influenza surveillance reports","2010-09","RSV",36,36,37,2010,253,245
2010-09-17,"weekly",2010-10-01,1008,"influenza surveillance reports","2010-09","RSV",33,37,38,2010,260,252
2010-09-24,"weekly",2010-10-01,1011,"influenza surveillance reports","2010-09","RSV",26,38,39,2010,267,259
2010-10-01,"weekly",2010-10-01,965,"influenza surveillance reports","2010-09","RSV",33,39,40,2010,274,266
2010-10-08,"weekly",2010-10-29,822,"influenza surveillance reports","2010-10","RSV",17,40,41,2010,281,273
2010-10-15,"weekly",2010-10-29,852,"influenza surveillance reports","2010-10","RSV",18,41,42,2010,288,280
2010-10-22,"weekly",2010-10-29,768,"influenza surveillance reports","2010-10","RSV",12,42,43,2010,295,287
2010-10-29,"weekly",2010-10-29,684,"influenza surveillance reports","2010-10","RSV",3,43,44,2010,302,294
2010-11-05,"weekly",2010-11-29,672,"influenza surveillance reports","2010-11","RSV",11,44,45,2010,309,301
2010-11-12,"weekly",2010-11-29,726,"influenza surveillance reports","2010-11","RSV",6,45,46,2010,316,308
2010-11-19,"weekly",2010-11-29,619,"influenza surveillance reports","2010-11","RSV",3,46,47,2010,323,315
2010-11-26,"weekly",2010-11-29,518,"influenza surveillance reports","2010-11","RSV",5,47,48,2010,330,322
2010-12-03,"weekly",2010-12-31,528,"influenza surveillance reports","2010-12","RSV",5,48,49,2010,337,329
2010-12-10,"weekly",2010-12-31,528,"influenza surveillance reports","2010-12","RSV",8,49,50,2010,344,336
2010-12-17,"weekly",2010-12-31,599,"influenza surveillance reports","2010-12","RSV",5,50,51,2010,351,343
2010-12-24,"weekly",2010-12-31,384,"influenza surveillance reports","2010-12","RSV",5,51,52,2010,358,350
2010-12-31,"weekly",2010-12-31,284,"influenza surveillance reports","2010-12","RSV",8,52,53,2010,365,357
2011-01-07,"weekly",2011-01-28,416,"influenza surveillance reports","2011-01","RSV",11,1,1,2011,7,364
2011-01-14,"weekly",2011-01-28,427,"influenza surveillance reports","2011-01","RSV",6,2,2,2011,14,371
2011-01-21,"weekly",2011-01-28,409,"influenza surveillance reports","2011-01","RSV",5,3,3,2011,21,378
2011-01-28,"weekly",2011-01-28,321,"influenza surveillance reports","2011-01","RSV",14,4,4,2011,28,385
2011-02-04,"weekly",2011-02-25,335,"influenza surveillance reports","2011-02","RSV",14,5,5,2011,35,392
2011-02-11,"weekly",2011-02-25,450,"influenza surveillance reports","2011-02","RSV",16,6,6,2011,42,399
2011-02-18,"weekly",2011-02-25,521,"influenza surveillance reports","2011-02","RSV",16,7,7,2011,49,406
2011-02-25,"weekly",2011-02-25,536,"influenza surveillance reports","2011-02","RSV",23,8,8,2011,56,413
2011-03-04,"weekly",2011-04-01,494,"influenza surveillance reports","2011-03","RSV",14,9,9,2011,63,420
2011-03-11,"weekly",2011-04-01,545,"influenza surveillance reports","2011-03","RSV",31,10,10,2011,70,427
2011-03-18,"weekly",2011-04-01,563,"influenza surveillance reports","2011-03","RSV",44,11,11,2011,77,434
2011-03-25,"weekly",2011-04-01,513,"influenza surveillance reports","2011-03","RSV",32,12,12,2011,84,441
2011-04-01,"weekly",2011-04-01,557,"influenza surveillance reports","2011-03","RSV",63,13,13,2011,91,448
2011-04-08,"weekly",2011-04-29,566,"influenza surveillance reports","2011-04","RSV",70,14,14,2011,98,455
2011-04-15,"weekly",2011-04-29,665,"influenza surveillance reports","2011-04","RSV",68,15,15,2011,105,462
2011-04-22,"weekly",2011-04-29,503,"influenza surveillance reports","2011-04","RSV",71,16,16,2011,112,469
2011-04-29,"weekly",2011-04-29,558,"influenza surveillance reports","2011-04","RSV",79,17,17,2011,119,476
2011-05-06,"weekly",2011-05-27,441,"influenza surveillance reports","2011-05-27","RSV",66,18,18,2011,126,483
2011-05-13,"weekly",2011-05-27,626,"influenza surveillance reports","2011-05-27","RSV",80,19,19,2011,133,490
2011-05-20,"weekly",2011-05-27,747,"influenza surveillance reports","2011-05-27","RSV",106,20,20,2011,140,497
2011-05-27,"weekly",2011-05-27,784,"influenza surveillance reports","2011-05-27","RSV",93,21,21,2011,147,504
2011-06-03,"weekly",2011-07-08,917,"influenza surveillance reports","2011-07-08","RSV",133,22,22,2011,154,511
2011-06-10,"weekly",2011-07-08,926,"influenza surveillance reports","2011-07-08","RSV",126,23,23,2011,161,518
2011-06-17,"weekly",2011-07-08,993,"influenza surveillance reports","2011-07-08","RSV",129,24,24,2011,168,525
2011-06-24,"weekly",2011-07-08,1160,"influenza surveillance reports","2011-07-08","RSV",160,25,25,2011,175,532
2011-07-01,"weekly",2011-07-08,1242,"influenza surveillance reports","2011-07-08","RSV",147,26,26,2011,182,539
2011-07-08,"weekly",2011-07-29,1409,"influenza surveillance reports","2011-07-29","RSV",159,27,27,2011,189,546
2011-07-15,"weekly",2011-07-29,1437,"influenza surveillance reports","2011-07-29","RSV",127,28,28,2011,196,553
2011-07-22,"weekly",2011-07-29,1712,"influenza surveillance reports","2011-07-29","RSV",134,29,29,2011,203,560
2011-07-29,"weekly",2011-07-29,1464,"influenza surveillance reports","2011-07-29","RSV",95,30,30,2011,210,567
2011-08-05,"weekly",2011-09-02,1561,"influenza surveillance reports","2011-09-02","RSV",94,31,31,2011,217,574
2011-08-12,"weekly",2011-09-02,1718,"influenza surveillance reports","2011-09-02","RSV",104,32,32,2011,224,581
2011-08-19,"weekly",2011-09-02,1583,"influenza surveillance reports","2011-09-02","RSV",96,33,33,2011,231,588
2011-08-26,"weekly",2011-09-02,1516,"influenza surveillance reports","2011-09-02","RSV",84,34,34,2011,238,595
2011-09-02,"weekly",2011-09-02,1586,"influenza surveillance reports","2011-09-02","RSV",107,35,35,2011,245,602
2011-09-09,"weekly",2011-09-30,1292,"influenza surveillance reports","2011-09-30","RSV",64,36,36,2011,252,609
2011-09-16,"weekly",2011-09-30,1207,"influenza surveillance reports","2011-09-30","RSV",65,37,37,2011,259,616
2011-09-23,"weekly",2011-09-30,1108,"influenza surveillance reports","2011-09-30","RSV",61,38,38,2011,266,623
2011-09-30,"weekly",2011-09-30,1023,"influenza surveillance reports","2011-09-30","RSV",43,39,39,2011,273,630
2011-10-07,"weekly",2011-10-28,825,"influenza surveillance reports","2011-10","RSV",37,40,40,2011,280,637
2011-10-14,"weekly",2011-10-28,846,"influenza surveillance reports","2011-10","RSV",38,41,41,2011,287,644
2011-10-21,"weekly",2011-10-28,695,"influenza surveillance reports","2011-10","RSV",21,42,42,2011,294,651
2011-10-28,"weekly",2011-10-28,707,"influenza surveillance reports","2011-10","RSV",26,43,43,2011,301,658
2011-11-04,"weekly",2011-11-25,644,"influenza surveillance reports","2011-11","RSV",14,44,44,2011,308,665
2011-11-11,"weekly",2011-11-25,586,"influenza surveillance reports","2011-11","RSV",12,45,45,2011,315,672
2011-11-18,"weekly",2011-11-25,569,"influenza surveillance reports","2011-11","RSV",11,46,46,2011,322,679
2011-11-25,"weekly",2011-11-25,560,"influenza surveillance reports","2011-11","RSV",14,47,47,2011,329,686
2011-12-02,"weekly",2011-12-30,520,"influenza surveillance reports","2011-12","RSV",10,48,48,2011,336,693
2011-12-09,"weekly",2011-12-30,471,"influenza surveillance reports","2011-12","RSV",7,49,49,2011,343,700
2011-12-16,"weekly",2011-12-30,564,"influenza surveillance reports","2011-12","RSV",11,50,50,2011,350,707
2011-12-23,"weekly",2011-12-30,458,"influenza surveillance reports","2011-12","RSV",15,51,51,2011,357,714
2011-12-30,"weekly",2011-12-30,346,"influenza surveillance reports","2011-12","RSV",7,52,52,2011,364,721
2012-01-06,"weekly",2012-01-27,442,"influenza surveillance reports","2012-01","RSV",13,1,1,2012,6,728
2012-01-13,"weekly",2012-01-27,454,"influenza surveillance reports","2012-01","RSV",7,2,2,2012,13,735
2012-01-20,"weekly",2012-01-27,349,"influenza surveillance reports","2012-01","RSV",11,3,3,2012,20,742
2012-01-27,"weekly",2012-01-27,264,"influenza surveillance reports","2012-01","RSV",6,4,4,2012,27,749
2012-02-03,"weekly",2012-03-02,316,"influenza surveillance reports","2012-02","RSV",8,5,5,2012,34,756
2012-02-10,"weekly",2012-03-02,436,"influenza surveillance reports","2012-02","RSV",23,6,6,2012,41,763
2012-02-17,"weekly",2012-03-02,518,"influenza surveillance reports","2012-02","RSV",44,7,7,2012,48,770
2012-02-24,"weekly",2012-03-02,530,"influenza surveillance reports","2012-02","RSV",40,8,8,2012,55,777
2012-03-02,"weekly",2012-03-02,552,"influenza surveillance reports","2012-02","RSV",32,9,9,2012,62,784
2012-03-09,"weekly",2012-03-30,550,"influenza surveillance reports","2012-03","RSV",50,10,10,2012,69,791
2012-03-16,"weekly",2012-03-30,625,"influenza surveillance reports","2012-03","RSV",74,11,11,2012,76,798
2012-03-23,"weekly",2012-03-30,667,"influenza surveillance reports","2012-03","RSV",69,12,12,2012,83,805
2012-03-30,"weekly",2012-03-30,731,"influenza surveillance reports","2012-03","RSV",76,13,13,2012,90,812
2012-04-06,"weekly",2012-04-27,666,"influenza surveillance reports","2012-04","RSV",97,14,14,2012,97,819
2012-04-13,"weekly",2012-04-27,708,"influenza surveillance reports","2012-04","RSV",98,15,15,2012,104,826
2012-04-20,"weekly",2012-04-27,755,"influenza surveillance reports","2012-04","RSV",103,16,16,2012,111,833
2012-04-27,"weekly",2012-04-27,728,"influenza surveillance reports","2012-04","RSV",124,17,17,2012,118,840
2012-05-04,"weekly",2012-06-01,784,"influenza surveillance reports","2012-06-01","RSV",127,18,18,2012,125,847
2012-05-11,"weekly",2012-06-01,808,"influenza surveillance reports","2012-06-01","RSV",114,19,19,2012,132,854
2012-05-18,"weekly",2012-06-01,848,"influenza surveillance reports","2012-06-01","RSV",108,20,20,2012,139,861
2012-05-25,"weekly",2012-06-01,974,"influenza surveillance reports","2012-06-01","RSV",134,21,21,2012,146,868
2012-06-01,"weekly",2012-06-01,980,"influenza surveillance reports","2012-06-01","RSV",91,22,22,2012,153,875
2012-06-08,"weekly",2012-06-29,1233,"influenza surveillance reports","29062012","RSV",127,23,23,2012,160,882
2012-06-15,"weekly",2012-06-29,1298,"influenza surveillance reports","29062012","RSV",119,24,24,2012,167,889
2012-06-22,"weekly",2012-06-29,1509,"influenza surveillance reports","29062012","RSV",154,25,25,2012,174,896
2012-06-29,"weekly",2012-06-29,1664,"influenza surveillance reports","29062012","RSV",158,26,26,2012,181,903
2012-07-06,"weekly",2012-07-27,1736,"influenza surveillance reports","27072012","RSV",146,27,27,2012,188,910
2012-07-13,"weekly",2012-07-27,1736,"influenza surveillance reports","27072012","RSV",146,28,28,2012,195,917
2012-07-20,"weekly",2012-07-27,1769,"influenza surveillance reports","27072012","RSV",144,29,29,2012,202,924
2012-07-27,"weekly",2012-07-27,1577,"influenza surveillance reports","27072012","RSV",115,30,30,2012,209,931
2012-08-03,"weekly",2012-08-31,1443,"influenza surveillance reports","31082012","RSV",93,31,31,2012,216,938
2012-08-10,"weekly",2012-08-31,1622,"influenza surveillance reports","31082012","RSV",118,32,32,2012,223,945
2012-08-17,"weekly",2012-08-31,1573,"influenza surveillance reports","31082012","RSV",120,33,33,2012,230,952
2012-08-24,"weekly",2012-08-31,1647,"influenza surveillance reports","31082012","RSV",87,34,34,2012,237,959
2012-08-31,"weekly",2012-08-31,1496,"influenza surveillance reports","31082012","RSV",97,35,35,2012,244,966
2012-09-07,"weekly",2012-09-28,1466,"influenza surveillance reports","28092012","RSV",86,36,36,2012,251,973
2012-09-14,"weekly",2012-09-28,1348,"influenza surveillance reports","28092012","RSV",54,37,37,2012,258,980
2012-09-21,"weekly",2012-09-28,1190,"influenza surveillance reports","28092012","RSV",57,38,38,2012,265,987
2012-09-28,"weekly",2012-09-28,1092,"influenza surveillance reports","28092012","RSV",42,39,39,2012,272,994
2012-10-05,"weekly",2012-11-02,891,"influenza surveillance reports","2012-10","RSV",32,40,40,2012,279,1001
2012-10-12,"weekly",2012-11-02,859,"influenza surveillance reports","2012-10","RSV",30,41,41,2012,286,1008
2012-10-19,"weekly",2012-11-02,819,"influenza surveillance reports","2012-10","RSV",21,42,42,2012,293,1015
2012-10-26,"weekly",2012-11-02,698,"influenza surveillance reports","2012-10","RSV",13,43,43,2012,300,1022
2012-11-02,"weekly",2012-11-02,653,"influenza surveillance reports","2012-10","RSV",12,44,44,2012,307,1029
2012-11-09,"weekly",2012-11-30,714,"influenza surveillance reports","2012-11","RSV",13,45,45,2012,314,1036
2012-11-16,"weekly",2012-11-30,715,"influenza surveillance reports","2012-11","RSV",11,46,46,2012,321,1043
2012-11-23,"weekly",2012-11-30,730,"influenza surveillance reports","2012-11","RSV",23,47,47,2012,328,1050
2012-11-30,"weekly",2012-11-30,669,"influenza surveillance reports","2012-11","RSV",12,48,48,2012,335,1057
2012-12-07,"weekly",2012-12-28,512,"influenza surveillance reports","2012-12","RSV",13,49,49,2012,342,1064
2012-12-14,"weekly",2012-12-28,650,"influenza surveillance reports","2012-12","RSV",14,50,50,2012,349,1071
2012-12-21,"weekly",2012-12-28,586,"influenza surveillance reports","2012-12","RSV",15,51,51,2012,356,1078
2012-12-28,"weekly",2012-12-28,458,"influenza surveillance reports","2012-12","RSV",13,52,52,2012,363,1085
2013-01-04,"weekly",2013-02-01,453,"influenza surveillance reports","20130201","RSV",24,1,1,2013,4,1092
2013-01-11,"weekly",2013-02-01,447,"influenza surveillance reports","20130201","RSV",16,2,2,2013,11,1099
2013-01-18,"weekly",2013-02-01,433,"influenza surveillance reports","20130201","RSV",9,3,3,2013,18,1106
2013-01-25,"weekly",2013-02-01,419,"influenza surveillance reports","20130201","RSV",18,4,4,2013,25,1113
2013-02-01,"weekly",2013-02-01,389,"influenza surveillance reports","20130201","RSV",14,5,5,2013,32,1120
2013-02-08,"weekly",2013-03-01,409,"influenza surveillance reports","20130301","RSV",9,6,6,2013,39,1127
2013-02-15,"weekly",2013-03-01,535,"influenza surveillance reports","20130301","RSV",30,7,7,2013,46,1134
2013-02-22,"weekly",2013-03-01,638,"influenza surveillance reports","20130301","RSV",37,8,8,2013,53,1141
2013-03-01,"weekly",2013-03-01,617,"influenza surveillance reports","20130301","RSV",43,9,9,2013,60,1148
2013-03-08,"weekly",2013-03-29,652,"influenza surveillance reports","20130329","RSV",56,10,10,2013,67,1155
2013-03-15,"weekly",2013-03-29,595,"influenza surveillance reports","20130329","RSV",89,11,11,2013,74,1162
2013-03-22,"weekly",2013-03-29,649,"influenza surveillance reports","20130329","RSV",81,12,12,2013,81,1169
2013-03-29,"weekly",2013-03-29,576,"influenza surveillance reports","20130329","RSV",107,13,13,2013,88,1176
2013-04-05,"weekly",2013-04-26,623,"influenza surveillance reports","20130426","RSV",112,14,14,2013,95,1183
2013-04-12,"weekly",2013-04-26,639,"influenza surveillance reports","20130426","RSV",119,15,15,2013,102,1190
2013-04-19,"weekly",2013-04-26,700,"influenza surveillance reports","20130426","RSV",146,16,16,2013,109,1197
2013-04-26,"weekly",2013-04-26,637,"influenza surveillance reports","20130426","RSV",155,17,17,2013,116,1204
2013-05-05,"weekly",2013-06-02,863,"influenza surveillance reports","02062013","RSV",176,18,18,2013,125,1211
2013-05-12,"weekly",2013-06-02,929,"influenza surveillance reports","02062013","RSV",117,19,19,2013,132,1218
2013-05-19,"weekly",2013-06-02,954,"influenza surveillance reports","02062013","RSV",143,20,20,2013,139,1225
2013-05-26,"weekly",2013-06-02,1020,"influenza surveillance reports","02062013","RSV",141,21,21,2013,146,1232
2013-06-02,"weekly",2013-06-02,1119,"influenza surveillance reports","02062013","RSV",165,22,22,2013,153,1239
2013-06-09,"weekly",2013-06-30,1156,"influenza surveillance reports","30062013","RSV",132,23,23,2013,160,1246
2013-06-16,"weekly",2013-06-30,1161,"influenza surveillance reports","30062013","RSV",181,24,24,2013,167,1253
2013-06-23,"weekly",2013-06-30,1271,"influenza surveillance reports","30062013","RSV",168,25,25,2013,174,1260
2013-06-30,"weekly",2013-06-30,1267,"influenza surveillance reports","30062013","RSV",182,26,26,2013,181,1267
2013-07-07,"weekly",2013-07-28,1415,"influenza surveillance reports","28072013","RSV",209,27,27,2013,188,1274
2013-07-14,"weekly",2013-07-28,1513,"influenza surveillance reports","28072013","RSV",191,28,28,2013,195,1281
2013-07-21,"weekly",2013-07-28,1582,"influenza surveillance reports","28072013","RSV",166,29,29,2013,202,1288
2013-07-28,"weekly",2013-07-28,1541,"influenza surveillance reports","28072013","RSV",148,30,30,2013,209,1295
2013-08-04,"weekly",2013-09-01,1667,"influenza surveillance reports","01092013","RSV",120,31,31,2013,216,1302
2013-08-11,"weekly",2013-09-01,1756,"influenza surveillance reports","01092013","RSV",93,32,32,2013,223,1309
2013-08-18,"weekly",2013-09-01,1969,"influenza surveillance reports","01092013","RSV",92,33,33,2013,230,1316
2013-08-25,"weekly",2013-09-01,2334,"influenza surveillance reports","01092013","RSV",73,34,34,2013,237,1323
2013-09-01,"weekly",2013-09-01,2579,"influenza surveillance reports","01092013","RSV",80,35,35,2013,244,1330
2013-09-08,"weekly",2013-09-29,2726,"influenza surveillance reports","29092013","RSV",132,36,36,2013,251,1337
2013-09-15,"weekly",2013-09-29,2381,"influenza surveillance reports","29092013","RSV",60,37,37,2013,258,1344
2013-09-22,"weekly",2013-09-29,2072,"influenza surveillance reports","29092013","RSV",53,38,38,2013,265,1351
2013-09-29,"weekly",2013-09-29,1815,"influenza surveillance reports","29092013","RSV",45,39,39,2013,272,1358
2013-10-04,"weekly",2013-10-11,1567,"influenza surveillance reports","11102013","RSV",36,40,40,2013,277,1365
2013-10-11,"weekly",2013-11-03,1336,"influenza surveillance reports","2013-10","RSV",32,41,41,2013,284,1372
2013-10-20,"weekly",2013-11-03,1163,"influenza surveillance reports","2013-10","RSV",14,42,42,2013,293,1379
2013-10-27,"weekly",2013-11-03,1006,"influenza surveillance reports","2013-10","RSV",20,43,43,2013,300,1386
2013-11-03,"weekly",2013-11-03,1194,"influenza surveillance reports","2013-10","RSV",14,44,44,2013,307,1393
2013-11-08,"weekly",2013-12-01,1050,"influenza surveillance reports","2013-11","RSV",20,45,45,2013,312,1400
2013-11-15,"weekly",2013-12-01,1065,"influenza surveillance reports","2013-11","RSV",20,46,46,2013,319,1407
2013-11-22,"weekly",2013-12-01,892,"influenza surveillance reports","2013-11","RSV",13,47,47,2013,326,1414
2013-11-29,"weekly",2013-12-01,1010,"influenza surveillance reports","2013-11","RSV",18,48,48,2013,333,1421
2013-12-08,"weekly",2013-12-29,961,"influenza surveillance reports","2013-12","RSV",19,49,49,2013,342,1428
2013-12-15,"weekly",2013-12-29,1033,"influenza surveillance reports","2013-12","RSV",25,50,50,2013,349,1435
2013-12-22,"weekly",2013-12-29,823,"influenza surveillance reports","2013-12","RSV",18,51,51,2013,356,1442
2013-12-29,"weekly",2013-12-29,472,"influenza surveillance reports","2013-12","RSV",12,52,52,2013,363,1449
2014-01-05,"weekly",2014-02-02,661,"influenza surveillance reports","2014-01","RSV",20,1,1,2014,5,1456
2014-01-12,"weekly",2014-02-02,795,"influenza surveillance reports","2014-01","RSV",17,2,2,2014,12,1463
2014-01-19,"weekly",2014-02-02,756,"influenza surveillance reports","2014-01","RSV",15,3,3,2014,19,1470
2014-01-26,"weekly",2014-02-02,684,"influenza surveillance reports","2014-01","RSV",19,4,4,2014,26,1477
2014-02-02,"weekly",2014-02-02,645,"influenza surveillance reports","2014-01","RSV",19,5,5,2014,33,1484
2014-02-09,"weekly",2014-03-02,736,"influenza surveillance reports","2014-02","RSV",20,6,6,2014,40,1491
2014-02-16,"weekly",2014-03-02,711,"influenza surveillance reports","2014-02","RSV",27,7,7,2014,47,1498
2014-02-23,"weekly",2014-03-02,875,"influenza surveillance reports","2014-02","RSV",45,8,8,2014,54,1505
2014-03-02,"weekly",2014-03-02,1091,"influenza surveillance reports","2014-02","RSV",57,9,9,2014,61,1512
2014-03-09,"weekly",2014-03-30,1130,"influenza surveillance reports","2014-03","RSV",69,10,10,2014,68,1519
2014-03-16,"weekly",2014-03-30,1230,"influenza surveillance reports","2014-03","RSV",102,11,11,2014,75,1526
2014-03-23,"weekly",2014-03-30,1181,"influenza surveillance reports","2014-03","RSV",114,12,12,2014,82,1533
2014-03-30,"weekly",2014-03-30,1302,"influenza surveillance reports","2014-03","RSV",102,13,13,2014,89,1540
2014-04-06,"weekly",2014-04-27,1455,"influenza surveillance reports","2014-04","RSV",146,14,14,2014,96,1547
2014-04-13,"weekly",2014-04-27,1431,"influenza surveillance reports","2014-04","RSV",169,15,15,2014,103,1554
2014-04-20,"weekly",2014-04-27,1319,"influenza surveillance reports","2014-04","RSV",221,16,16,2014,110,1561
2014-04-27,"weekly",2014-04-27,1155,"influenza surveillance reports","2014-04","RSV",217,17,17,2014,117,1568
2014-05-04,"weekly",2014-06-01,1424,"influenza surveillance reports","01062014","RSV",228,18,18,2014,124,1575
2014-05-11,"weekly",2014-06-01,1473,"influenza surveillance reports","01062014","RSV",213,19,19,2014,131,1582
2014-05-18,"weekly",2014-06-01,1418,"influenza surveillance reports","01062014","RSV",170,20,20,2014,138,1589
2014-05-25,"weekly",2014-06-01,1490,"influenza surveillance reports","01062014","RSV",199,21,21,2014,145,1596
2014-06-01,"weekly",2014-06-01,1578,"influenza surveillance reports","01062014","RSV",201,22,22,2014,152,1603
2014-06-08,"weekly",2014-06-29,1530,"influenza surveillance reports","29062014","RSV",225,23,23,2014,159,1610
2014-06-15,"weekly",2014-06-29,1459,"influenza surveillance reports","29062014","RSV",195,24,24,2014,166,1617
2014-06-22,"weekly",2014-06-29,1757,"influenza surveillance reports","29062014","RSV",205,25,25,2014,173,1624
2014-06-29,"weekly",2014-06-29,1826,"influenza surveillance reports","29062014","RSV",167,26,26,2014,180,1631
2014-07-06,"weekly",2014-08-03,1876,"influenza surveillance reports","01082014","RSV",162,27,27,2014,187,1638
2014-07-13,"weekly",2014-08-03,2184,"influenza surveillance reports","01082014","RSV",192,28,28,2014,194,1645
2014-07-20,"weekly",2014-08-03,2794,"influenza surveillance reports","01082014","RSV",165,29,29,2014,201,1652
2014-07-27,"weekly",2014-08-03,3103,"influenza surveillance reports","01082014","RSV",146,30,30,2014,208,1659
2014-08-03,"weekly",2014-08-03,3861,"influenza surveillance reports","01082014","RSV",187,31,31,2014,215,1666
2014-08-10,"weekly",2014-08-31,4259,"influenza surveillance reports","31082014","RSV",85,32,32,2014,222,1673
2014-08-17,"weekly",2014-08-31,5786,"influenza surveillance reports","31082014","RSV",134,33,33,2014,229,1680
2014-08-24,"weekly",2014-08-31,6371,"influenza surveillance reports","31082014","RSV",104,34,34,2014,236,1687
2014-08-31,"weekly",2014-08-31,5793,"influenza surveillance reports","31082014","RSV",93,35,35,2014,243,1694
2014-09-07,"weekly",2014-09-28,5244,"influenza surveillance reports","28092014","RSV",75,36,36,2014,250,1701
2014-09-14,"weekly",2014-09-28,4485,"influenza surveillance reports","28092014","RSV",83,37,37,2014,257,1708
2014-09-21,"weekly",2014-09-28,4066,"influenza surveillance reports","28092014","RSV",45,38,38,2014,264,1715
2014-09-28,"weekly",2014-09-28,3372,"influenza surveillance reports","28092014","RSV",61,39,39,2014,271,1722
2014-10-05,"weekly",2014-11-02,2630,"influenza surveillance reports","2014-10","RSV",51,40,40,2014,278,1729
2014-10-12,"weekly",2014-11-02,2384,"influenza surveillance reports","2014-10","RSV",42,41,41,2014,285,1736
2014-10-19,"weekly",2014-11-02,2024,"influenza surveillance reports","2014-10","RSV",35,42,42,2014,292,1743
2014-10-26,"weekly",2014-11-02,2023,"influenza surveillance reports","2014-10","RSV",18,43,43,2014,299,1750
2014-11-02,"weekly",2014-11-02,1986,"influenza surveillance reports","2014-10","RSV",25,44,44,2014,306,1757
2014-11-09,"weekly",2014-11-30,1932,"influenza surveillance reports","2014-11","RSV",25,45,45,2014,313,1764
2014-11-16,"weekly",2014-11-30,1787,"influenza surveillance reports","2014-11","RSV",20,46,46,2014,320,1771
2014-11-23,"weekly",2014-11-30,1651,"influenza surveillance reports","2014-11","RSV",22,47,47,2014,327,1778
2014-11-30,"weekly",2014-11-30,1449,"influenza surveillance reports","2014-11","RSV",23,48,48,2014,334,1785
2014-12-07,"weekly",2014-12-28,1373,"influenza surveillance reports","2014-12","RSV",23,49,49,2014,341,1792
2014-12-14,"weekly",2014-12-28,1413,"influenza surveillance reports","2014-12","RSV",28,50,50,2014,348,1799
2014-12-21,"weekly",2014-12-28,1397,"influenza surveillance reports","2014-12","RSV",16,51,51,2014,355,1806
2014-12-28,"weekly",2014-12-28,1030,"influenza surveillance reports","2014-12","RSV",22,52,52,2014,362,1813
2015-01-04,"weekly",2015-02-01,1005,"influenza surveillance reports","2015-01","RSV",38,1,1,2015,4,1820
2015-01-11,"weekly",2015-02-01,1151,"influenza surveillance reports","2015-01","RSV",31,2,2,2015,11,1827
2015-01-18,"weekly",2015-02-01,1307,"influenza surveillance reports","2015-01","RSV",21,3,3,2015,18,1834
2015-01-25,"weekly",2015-02-01,1176,"influenza surveillance reports","2015-01","RSV",37,4,4,2015,25,1841
2015-02-01,"weekly",2015-02-01,1281,"influenza surveillance reports","2015-01","RSV",54,5,5,2015,32,1848
2015-02-08,"weekly",2015-03-01,1382,"influenza surveillance reports","2015-02","RSV",31,6,6,2015,39,1855
2015-02-15,"weekly",2015-03-01,1544,"influenza surveillance reports","2015-02","RSV",53,7,7,2015,46,1862
2015-02-22,"weekly",2015-03-01,1776,"influenza surveillance reports","2015-02","RSV",91,8,8,2015,53,1869
2015-03-01,"weekly",2015-03-01,1585,"influenza surveillance reports","2015-02","RSV",96,9,9,2015,60,1876
2015-03-08,"weekly",2015-03-29,1842,"influenza surveillance reports","2015-03","RSV",112,10,10,2015,67,1883
2015-03-15,"weekly",2015-03-29,2083,"influenza surveillance reports","2015-03","RSV",190,11,11,2015,74,1890
2015-03-22,"weekly",2015-03-29,2289,"influenza surveillance reports","2015-03","RSV",229,12,12,2015,81,1897
2015-03-29,"weekly",2015-03-29,2363,"influenza surveillance reports","2015-03","RSV",236,13,13,2015,88,1904
2015-04-05,"weekly",2015-05-03,2358,"influenza surveillance reports","2015-04","RSV",252,14,14,2015,95,1911
2015-04-12,"weekly",2015-05-03,2403,"influenza surveillance reports","2015-04","RSV",275,15,15,2015,102,1918
2015-04-19,"weekly",2015-05-03,2721,"influenza surveillance reports","2015-04","RSV",322,16,16,2015,109,1925
2015-04-26,"weekly",2015-05-03,2525,"influenza surveillance reports","2015-04","RSV",254,17,17,2015,116,1932
2015-05-03,"weekly",2015-05-03,2577,"influenza surveillance reports","2015-04","RSV",248,18,18,2015,123,1939
2015-05-10,"weekly",2015-05-31,2826,"influenza surveillance reports","31052015","RSV",327,19,19,2015,130,1946
2015-05-17,"weekly",2015-05-31,3219,"influenza surveillance reports","31052015","RSV",331,20,20,2015,137,1953
2015-05-24,"weekly",2015-05-31,3246,"influenza surveillance reports","31052015","RSV",317,21,21,2015,144,1960
2015-05-31,"weekly",2015-05-31,2953,"influenza surveillance reports","31052015","RSV",301,22,22,2015,151,1967
2015-06-07,"weekly",2015-06-28,3472,"influenza surveillance reports","28062015","RSV",381,23,23,2015,158,1974
2015-06-14,"weekly",2015-06-28,3399,"influenza surveillance reports","28062015","RSV",362,24,24,2015,165,1981
2015-06-21,"weekly",2015-06-28,4325,"influenza surveillance reports","28062015","RSV",419,25,25,2015,172,1988
2015-06-28,"weekly",2015-06-28,4235,"influenza surveillance reports","28062015","RSV",423,26,26,2015,179,1995
2015-07-05,"weekly",2015-08-02,4013,"influenza surveillance reports","02082015","RSV",425,27,27,2015,186,2002
2015-07-12,"weekly",2015-08-02,4075,"influenza surveillance reports","02082015","RSV",387,28,28,2015,193,2009
2015-07-19,"weekly",2015-08-02,4564,"influenza surveillance reports","02082015","RSV",455,29,29,2015,200,2016
2015-07-26,"weekly",2015-08-02,4780,"influenza surveillance reports","02082015","RSV",324,30,30,2015,207,2023
2015-08-02,"weekly",2015-08-02,5339,"influenza surveillance reports","02082015","RSV",287,31,31,2015,214,2030
2015-08-09,"weekly",2015-08-30,6087,"influenza surveillance reports","30082015","RSV",305,32,32,2015,221,2037
2015-08-16,"weekly",2015-08-30,7441,"influenza surveillance reports","30082015","RSV",293,33,33,2015,228,2044
2015-08-23,"weekly",2015-08-30,9453,"influenza surveillance reports","30082015","RSV",235,34,34,2015,235,2051
2015-08-30,"weekly",2015-08-30,9625,"influenza surveillance reports","30082015","RSV",181,35,35,2015,242,2058
2015-09-06,"weekly",2015-10-04,9933,"influenza surveillance reports","04102015","RSV",180,36,36,2015,249,2065
2015-09-13,"weekly",2015-10-04,9540,"influenza surveillance reports","04102015","RSV",227,37,37,2015,256,2072
2015-09-20,"weekly",2015-10-04,8176,"influenza surveillance reports","04102015","RSV",152,38,38,2015,263,2079
2015-09-27,"weekly",2015-10-04,6398,"influenza surveillance reports","04102015","RSV",95,39,39,2015,270,2086
2015-10-04,"weekly",2015-10-04,5651,"influenza surveillance reports","04102015","RSV",91,40,40,2015,277,2093
2015-10-11,"weekly",2015-11-01,4124,"influenza surveillance reports","2015-10","RSV",49,41,41,2015,284,2100
2015-10-18,"weekly",2015-11-01,4057,"influenza surveillance reports","2015-10","RSV",47,42,42,2015,291,2107
2015-10-25,"weekly",2015-11-01,3636,"influenza surveillance reports","2015-10","RSV",37,43,43,2015,298,2114
2015-11-01,"weekly",2015-11-01,3488,"influenza surveillance reports","2015-10","RSV",32,44,44,2015,305,2121
2015-11-08,"weekly",2015-11-29,3448,"influenza surveillance reports","2015-11","RSV",38,45,45,2015,312,2128
2015-11-15,"weekly",2015-11-29,3420,"influenza surveillance reports","2015-11","RSV",34,46,46,2015,319,2135
2015-11-22,"weekly",2015-11-29,2995,"influenza surveillance reports","2015-11","RSV",33,47,47,2015,326,2142
2015-11-29,"weekly",2015-11-29,3152,"influenza surveillance reports","2015-11","RSV",36,48,48,2015,333,2149
2015-12-06,"weekly",2016-01-03,2710,"influenza surveillance reports","2015-12","RSV",32,49,49,2015,340,2156
2015-12-13,"weekly",2016-01-03,2719,"influenza surveillance reports","2015-12","RSV",36,50,50,2015,347,2163
2015-12-20,"weekly",2016-01-03,2540,"influenza surveillance reports","2015-12","RSV",33,51,51,2015,354,2170
2015-12-27,"weekly",2016-01-03,1973,"influenza surveillance reports","2015-12","RSV",32,52,52,2015,361,2177
2016-01-03,"weekly",2016-01-03,1434,"influenza surveillance reports","2015-12","RSV",57,53,1,2016,3,2184
2016-01-10,"weekly",2016-02-01,2106,"influenza surveillance reports","2016-01","RSV",51,1,2,2016,10,2191
2016-01-17,"weekly",2016-02-01,1945,"influenza surveillance reports","2016-01","RSV",44,2,3,2016,17,2198
2016-01-24,"weekly",2016-02-01,2047,"influenza surveillance reports","2016-01","RSV",51,3,4,2016,24,2205
2016-01-31,"weekly",2016-02-01,1981,"influenza surveillance reports","2016-01","RSV",56,4,5,2016,31,2212
2016-02-07,"weekly",2016-02-28,2123,"influenza surveillance reports","2016-02","RSV",57,5,6,2016,38,2219
2016-02-14,"weekly",2016-02-28,2394,"influenza surveillance reports","2016-02","RSV",74,6,7,2016,45,2226
2016-02-21,"weekly",2016-02-28,2713,"influenza surveillance reports","2016-02","RSV",103,7,8,2016,52,2233
2016-02-28,"weekly",2016-02-28,2580,"influenza surveillance reports","2016-02","RSV",89,8,9,2016,59,2240
2016-03-06,"weekly",2016-04-03,2793,"influenza surveillance reports","2016-03","RSV",133,9,10,2016,66,2247
2016-03-13,"weekly",2016-04-03,3161,"influenza surveillance reports","2016-03","RSV",173,10,11,2016,73,2254
2016-03-20,"weekly",2016-04-03,3096,"influenza surveillance reports","2016-03","RSV",190,11,12,2016,80,2261
2016-03-27,"weekly",2016-04-03,2749,"influenza surveillance reports","2016-03","RSV",214,12,13,2016,87,2268
2016-04-03,"weekly",2016-04-03,2900,"influenza surveillance reports","2016-03","RSV",227,13,14,2016,94,2275
2016-04-10,"weekly",2016-05-01,3603,"influenza surveillance reports","2016-04","RSV",312,14,15,2016,101,2282
2016-04-17,"weekly",2016-05-01,3489,"influenza surveillance reports","2016-04","RSV",296,15,16,2016,108,2289
2016-04-24,"weekly",2016-05-01,3659,"influenza surveillance reports","2016-04","RSV",314,16,17,2016,115,2296
2016-05-01,"weekly",2016-05-01,2863,"influenza surveillance reports","2016-04","RSV",267,17,18,2016,122,2303
2016-05-08,"weekly",2016-05-29,3738,"influenza surveillance reports","29052016","RSV",296,18,19,2016,129,2310
2016-05-15,"weekly",2016-05-29,3796,"influenza surveillance reports","29052016","RSV",325,19,20,2016,136,2317
2016-05-22,"weekly",2016-05-29,3997,"influenza surveillance reports","29052016","RSV",338,20,21,2016,143,2324
2016-05-29,"weekly",2016-05-29,4229,"influenza surveillance reports","29052016","RSV",529,21,22,2016,150,2331
2016-06-05,"weekly",2016-07-03,4372,"influenza surveillance reports","03072016","RSV",444,22,23,2016,157,2338
2016-06-12,"weekly",2016-07-03,4441,"influenza surveillance reports","03072016","RSV",510,23,24,2016,164,2345
2016-06-19,"weekly",2016-07-03,4062,"influenza surveillance reports","03072016","RSV",515,24,25,2016,171,2352
2016-06-26,"weekly",2016-07-03,4665,"influenza surveillance reports","03072016","RSV",544,25,26,2016,178,2359
2016-07-03,"weekly",2016-07-03,4947,"influenza surveillance reports","03072016","RSV",613,26,27,2016,185,2366
2016-07-10,"weekly",2016-07-31,5522,"influenza surveillance reports","31072016","RSV",588,27,28,2016,192,2373
2016-07-17,"weekly",2016-07-31,5626,"influenza surveillance reports","31072016","RSV",596,28,29,2016,199,2380
2016-07-24,"weekly",2016-07-31,6238,"influenza surveillance reports","31072016","RSV",565,29,30,2016,206,2387
2016-07-31,"weekly",2016-07-31,6617,"influenza surveillance reports","31072016","RSV",590,30,31,2016,213,2394
2016-08-07,"weekly",2016-08-28,7882,"influenza surveillance reports","28082016","RSV",541,31,32,2016,220,2401
2016-08-14,"weekly",2016-08-28,9361,"influenza surveillance reports","28082016","RSV",624,32,33,2016,227,2408
2016-08-21,"weekly",2016-08-28,11060,"influenza surveillance reports","28082016","RSV",600,33,34,2016,234,2415
2016-08-28,"weekly",2016-08-28,11728,"influenza surveillance reports","28082016","RSV",582,34,35,2016,241,2422
2016-09-04,"weekly",2016-10-02,13167,"influenza surveillance reports","02102016","RSV",552,35,36,2016,248,2429
2016-09-11,"weekly",2016-10-02,12539,"influenza surveillance reports","02102016","RSV",505,36,37,2016,255,2436
2016-09-18,"weekly",2016-10-02,11299,"influenza surveillance reports","02102016","RSV",460,37,38,2016,262,2443
2016-09-25,"weekly",2016-10-02,9788,"influenza surveillance reports","02102016","RSV",374,38,39,2016,269,2450
2016-10-02,"weekly",2016-10-02,8155,"influenza surveillance reports","02102016","RSV",306,39,40,2016,276,2457
2016-10-09,"weekly",2016-10-30,6333,"influenza surveillance reports","30102016","RSV",234,40,41,2016,283,2464
2016-10-16,"weekly",2016-10-30,6342,"influenza surveillance reports","30102016","RSV",190,41,42,2016,290,2471
2016-10-23,"weekly",2016-10-30,5800,"influenza surveillance reports","30102016","RSV",160,42,43,2016,297,2478
2016-10-30,"weekly",2016-10-30,5435,"influenza surveillance reports","30102016","RSV",121,43,44,2016,304,2485
2016-11-06,"weekly",2016-12-04,4806,"influenza surveillance reports","2016-11","RSV",105,44,45,2016,311,2492
2016-11-13,"weekly",2016-12-04,4515,"influenza surveillance reports","2016-11","RSV",85,45,46,2016,318,2499
2016-11-20,"weekly",2016-12-04,3969,"influenza surveillance reports","2016-11","RSV",67,46,47,2016,325,2506
2016-11-27,"weekly",2016-12-04,3792,"influenza surveillance reports","2016-11","RSV",77,47,48,2016,332,2513
2016-12-04,"weekly",2016-12-04,3454,"influenza surveillance reports","2016-11","RSV",64,48,49,2016,339,2520
2016-12-11,"weekly",2017-01-01,3315,"influenza surveillance reports","2016-12","RSV",59,49,50,2016,346,2527
2016-12-18,"weekly",2017-01-01,3126,"influenza surveillance reports","2016-12","RSV",85,50,51,2016,353,2534
2016-12-25,"weekly",2017-01-01,2793,"influenza surveillance reports","2016-12","RSV",78,51,52,2016,360,2541
2017-01-01,"weekly",2017-01-01,1775,"influenza surveillance reports","2016-12","RSV",68,52,1,2017,1,2548
2017-01-08,"weekly",2017-01-29,2220,"influenza surveillance reports","2017-01","RSV",71,1,2,2017,8,2555
2017-01-15,"weekly",2017-01-29,2777,"influenza surveillance reports","2017-01","RSV",93,2,3,2017,15,2562
2017-01-22,"weekly",2017-01-29,2592,"influenza surveillance reports","2017-01","RSV",76,3,4,2017,22,2569
2017-01-29,"weekly",2017-01-29,2392,"influenza surveillance reports","2017-01","RSV",83,4,5,2017,29,2576
2017-02-05,"weekly",2017-02-26,2732,"influenza surveillance reports","2017-02","RSV",124,5,6,2017,36,2583
2017-02-12,"weekly",2017-02-26,2699,"influenza surveillance reports","2017-02","RSV",123,6,7,2017,43,2590
2017-02-19,"weekly",2017-02-26,3159,"influenza surveillance reports","2017-02","RSV",224,7,8,2017,50,2597
2017-02-26,"weekly",2017-02-26,3683,"influenza surveillance reports","2017-02","RSV",248,8,9,2017,57,2604
2017-03-05,"weekly",2017-04-02,3874,"influenza surveillance reports","2017-03","RSV",256,9,10,2017,64,2611
2017-03-12,"weekly",2017-04-02,3828,"influenza surveillance reports","2017-03","RSV",346,10,11,2017,71,2618
2017-03-19,"weekly",2017-04-02,4285,"influenza surveillance reports","2017-03","RSV",,11,12,2017,78,2625
2017-03-26,"weekly",2017-04-02,4334,"influenza surveillance reports","2017-03","RSV",464,12,13,2017,85,2632
2017-04-02,"weekly",2017-04-02,4840,"influenza surveillance reports","2017-03","RSV",727,13,14,2017,92,2639
2017-04-09,"weekly",2017-04-30,4973,"influenza surveillance reports","2017-04","RSV",672,14,15,2017,99,2646
2017-04-16,"weekly",2017-04-30,4509,"influenza surveillance reports","2017-04","RSV",642,15,16,2017,106,2653
2017-04-23,"weekly",2017-04-30,4276,"influenza surveillance reports","2017-04","RSV",690,16,17,2017,113,2660
2017-04-30,"weekly",2017-04-30,4331,"influenza surveillance reports","2017-04","RSV",596,17,18,2017,120,2667
2017-05-07,"weekly",2017-06-04,4805,"influenza surveillance reports","04062017","RSV",611,18,19,2017,127,2674
2017-05-14,"weekly",2017-06-04,4913,"influenza surveillance reports","04062017","RSV",622,19,20,2017,134,2681
2017-05-21,"weekly",2017-06-04,5344,"influenza surveillance reports","04062017","RSV",661,20,21,2017,141,2688
2017-05-28,"weekly",2017-06-04,5623,"influenza surveillance reports","04062017","RSV",719,21,22,2017,148,2695
2017-06-04,"weekly",2017-06-04,5687,"influenza surveillance reports","04062017","RSV",662,22,23,2017,155,2702
2017-06-11,"weekly",2017-07-02,5999,"influenza surveillance reports","02072017","RSV",735,23,24,2017,162,2709
2017-06-18,"weekly",2017-07-02,5583,"influenza surveillance reports","02072017","RSV",722,24,25,2017,169,2716
2017-06-25,"weekly",2017-07-02,6682,"influenza surveillance reports","02072017","RSV",811,25,26,2017,176,2723
2017-07-02,"weekly",2017-07-02,7301,"influenza surveillance reports","02072017","RSV",1023,26,27,2017,183,2730
2017-07-09,"weekly",2017-07-30,8283,"influenza surveillance reports","30072017","RSV",994,27,28,2017,190,2737
2017-07-16,"weekly",2017-07-30,9499,"influenza surveillance reports","30072017","RSV",1042,28,29,2017,197,2744
2017-07-23,"weekly",2017-07-30,11488,"influenza surveillance reports","30072017","RSV",989,29,30,2017,204,2751
2017-07-30,"weekly",2017-07-30,14269,"influenza surveillance reports","30072017","RSV",1034,30,31,2017,211,2758
2017-08-06,"weekly",2017-09-03,19212,"influenza surveillance reports","03092017","RSV",990,31,32,2017,218,2765
2017-08-13,"weekly",2017-09-03,21614,"influenza surveillance reports","03092017","RSV",962,32,33,2017,225,2772
2017-08-20,"weekly",2017-09-03,24506,"influenza surveillance reports","03092017","RSV",816,33,34,2017,232,2779
2017-08-27,"weekly",2017-09-03,22990,"influenza surveillance reports","03092017","RSV",735,34,35,2017,239,2786
2017-09-03,"weekly",2017-09-03,19704,"influenza surveillance reports","03092017","RSV",596,35,36,2017,246,2793
2017-09-10,"weekly",2017-10-01,19613,"influenza surveillance reports","01102017","RSV",443,36,37,2017,253,2800
2017-09-17,"weekly",2017-10-01,19613,"influenza surveillance reports","01102017","RSV",443,37,38,2017,260,2807
2017-09-24,"weekly",2017-10-01,16579,"influenza surveillance reports","01102017","RSV",322,38,39,2017,267,2814
2017-10-01,"weekly",2017-10-01,14201,"influenza surveillance reports","01102017","RSV",291,39,40,2017,274,2821
2017-10-08,"weekly",2017-10-29,10112,"influenza surveillance reports","29102017","RSV",221,40,41,2017,281,2828
2017-10-15,"weekly",2017-10-29,9066,"influenza surveillance reports","29102017","RSV",185,41,42,2017,288,2835
2017-10-22,"weekly",2017-10-29,6423,"influenza surveillance reports","29102017","RSV",143,42,43,2017,295,2842
2017-10-29,"weekly",2017-10-29,6073,"influenza surveillance reports","29102017","RSV",135,43,44,2017,302,2849
2017-11-05,"weekly",2017-12-03,5982,"influenza surveillance reports","2017-11","RSV",138,44,45,2017,309,2856
2017-11-12,"weekly",2017-12-03,5632,"influenza surveillance reports","2017-11","RSV",130,45,46,2017,316,2863
2017-11-19,"weekly",2017-12-03,5261,"influenza surveillance reports","2017-11","RSV",96,46,47,2017,323,2870
2017-11-26,"weekly",2017-12-03,4453,"influenza surveillance reports","2017-11","RSV",78,47,48,2017,330,2877
2017-12-03,"weekly",2017-12-03,3986,"influenza surveillance reports","2017-11","RSV",84,48,49,2017,337,2884
2017-12-10,"weekly",2017-12-31,3982,"influenza surveillance reports","2017-12","RSV",102,49,50,2017,344,2891
2017-12-17,"weekly",2017-12-31,3709,"influenza surveillance reports","2017-12","RSV",115,50,51,2017,351,2898
2017-12-24,"weekly",2017-12-31,3506,"influenza surveillance reports","2017-12","RSV",108,51,52,2017,358,2905
2017-12-31,"weekly",2017-12-31,2368,"influenza surveillance reports","2017-12","RSV",104,52,53,2017,365,2912
2018-01-07,"weekly",2018-01-28,2939,"influenza surveillance reports","2018-01","RSV",123,1,1,2018,7,2919
2018-01-14,"weekly",2018-01-28,3512,"influenza surveillance reports","2018-01","RSV",122,2,2,2018,14,2926
2018-01-21,"weekly",2018-01-28,3493,"influenza surveillance reports","2018-01","RSV",141,3,3,2018,21,2933
2018-01-28,"weekly",2018-01-28,2632,"influenza surveillance reports","2018-01","RSV",106,4,4,2018,28,2940
2018-02-04,"weekly",2018-02-25,3431,"influenza surveillance reports","2018-02","RSV",167,5,5,2018,35,2947
2018-02-11,"weekly",2018-02-25,3525,"influenza surveillance reports","2018-02","RSV",222,6,6,2018,42,2954
2018-02-18,"weekly",2018-02-25,3690,"influenza surveillance reports","2018-02","RSV",227,7,7,2018,49,2961
2018-02-25,"weekly",2018-02-25,3894,"influenza surveillance reports","2018-02","RSV",230,8,8,2018,56,2968
2018-03-04,"weekly",2018-04-01,4163,"influenza surveillance reports","2018-03","RSV",270,9,9,2018,63,2975
2018-03-11,"weekly",2018-04-01,4694,"influenza surveillance reports","2018-03","RSV",378,10,10,2018,70,2982
2018-03-18,"weekly",2018-04-01,4733,"influenza surveillance reports","2018-03","RSV",423,11,11,2018,77,2989
2018-03-25,"weekly",2018-04-01,4654,"influenza surveillance reports","2018-03","RSV",474,12,12,2018,84,2996
2018-04-01,"weekly",2018-04-01,4274,"influenza surveillance reports","2018-03","RSV",477,13,13,2018,91,3003
2018-04-08,"weekly",2018-04-29,4601,"influenza surveillance reports","2018-04","RSV",594,14,14,2018,98,3010
2018-04-15,"weekly",2018-04-29,5334,"influenza surveillance reports","2018-04","RSV",692,15,15,2018,105,3017
2018-04-22,"weekly",2018-04-29,5295,"influenza surveillance reports","2018-04","RSV",724,16,16,2018,112,3024
2018-04-29,"weekly",2018-04-29,4658,"influenza surveillance reports","2018-04","RSV",663,17,17,2018,119,3031
2018-05-06,"weekly",2018-05-27,5278,"influenza surveillance reports","27052018","RSV",691,18,18,2018,126,3038
2018-05-13,"weekly",2018-05-27,5666,"influenza surveillance reports","27052018","RSV",780,19,19,2018,133,3045
2018-05-20,"weekly",2018-05-27,6326,"influenza surveillance reports","27052018","RSV",766,20,20,2018,140,3052
2018-05-27,"weekly",2018-05-27,6957,"influenza surveillance reports","27052018","RSV",793,21,21,2018,147,3059
2018-06-03,"weekly",2018-07-01,6865,"influenza surveillance reports","01072018","RSV",689,22,22,2018,154,3066
2018-06-10,"weekly",2018-07-01,6333,"influenza surveillance reports","01072018","RSV",693,23,23,2018,161,3073
2018-06-17,"weekly",2018-07-01,6279,"influenza surveillance reports","01072018","RSV",747,24,24,2018,168,3080
2018-06-24,"weekly",2018-07-01,6758,"influenza surveillance reports","01072018","RSV",787,25,25,2018,175,3087
2018-07-01,"weekly",2018-07-01,7550,"influenza surveillance reports","01072018","RSV",873,26,26,2018,182,3094
2018-07-08,"weekly",2018-07-29,7844,"influenza surveillance reports","29072018","RSV",937,27,27,2018,189,3101
2018-07-15,"weekly",2018-07-29,8098,"influenza surveillance reports","29072018","RSV",917,28,28,2018,196,3108
2018-07-22,"weekly",2018-07-29,7877,"influenza surveillance reports","29072018","RSV",991,29,29,2018,203,3115
2018-07-29,"weekly",2018-07-29,8173,"influenza surveillance reports","29072018","RSV",788,30,30,2018,210,3122
2018-08-05,"weekly",2018-09-02,8551,"influenza surveillance reports","02092018","RSV",781,31,31,2018,217,3129
2018-08-12,"weekly",2018-09-02,8778,"influenza surveillance reports","02092018","RSV",642,32,32,2018,224,3136
2018-08-19,"weekly",2018-09-02,9023,"influenza surveillance reports","02092018","RSV",598,33,33,2018,231,3143
2018-08-26,"weekly",2018-09-02,9359,"influenza surveillance reports","02092018","RSV",551,34,34,2018,238,3150
2018-09-02,"weekly",2018-09-02,9676,"influenza surveillance reports","02092018","RSV",518,35,35,2018,245,3157
2018-09-09,"weekly",2018-09-30,10704,"influenza surveillance reports","30092018","RSV",419,36,36,2018,252,3164
2018-09-16,"weekly",2018-09-30,10226,"influenza surveillance reports","30092018","RSV",432,37,37,2018,259,3171
2018-09-23,"weekly",2018-09-30,9853,"influenza surveillance reports","30092018","RSV",392,38,38,2018,266,3178
2018-09-30,"weekly",2018-09-30,8539,"influenza surveillance reports","30092018","RSV",314,39,39,2018,273,3185
2018-10-07,"weekly",2018-10-28,7439,"influenza surveillance reports","2018-10","RSV",230,40,40,2018,280,3192
2018-10-14,"weekly",2018-10-28,7438,"influenza surveillance reports","2018-10","RSV",219,41,41,2018,287,3199
2018-10-21,"weekly",2018-10-28,7056,"influenza surveillance reports","2018-10","RSV",184,42,42,2018,294,3206
2018-10-28,"weekly",2018-10-28,6725,"influenza surveillance reports","2018-10","RSV",174,43,43,2018,301,3213
2018-11-04,"weekly",2018-12-02,6679,"influenza surveillance reports","2018-11","RSV",182,44,44,2018,308,3220
2018-11-11,"weekly",2018-12-02,6568,"influenza surveillance reports","2018-11","RSV",137,45,45,2018,315,3227
2018-11-18,"weekly",2018-12-02,6415,"influenza surveillance reports","2018-11","RSV",121,46,46,2018,322,3234
2018-11-25,"weekly",2018-12-02,5859,"influenza surveillance reports","2018-11","RSV",126,47,47,2018,329,3241
2018-12-02,"weekly",2018-12-02,6240,"influenza surveillance reports","2018-11","RSV",116,48,48,2018,336,3248
2018-12-09,"weekly",2018-12-30,6153,"influenza surveillance reports","2018-12","RSV",148,49,49,2018,343,3255
2018-12-16,"weekly",2018-12-30,5611,"influenza surveillance reports","2018-12","RSV",136,50,50,2018,350,3262
2018-12-23,"weekly",2018-12-30,5101,"influenza surveillance reports","2018-12","RSV",150,51,51,2018,357,3269
2018-12-30,"weekly",2018-12-30,3458,"influenza surveillance reports","2018-12","RSV",128,52,52,2018,364,3276
2019-01-06,"weekly",2019-02-03,4006,"influenza surveillance reports","2019-01","RSV",144,1,1,2019,6,3283
2019-01-13,"weekly",2019-02-03,5200,"influenza surveillance reports","2019-01","RSV",170,2,2,2019,13,3290
2019-01-20,"weekly",2019-02-03,4852,"influenza surveillance reports","2019-01","RSV",177,3,3,2019,20,3297
2019-01-27,"weekly",2019-02-03,4957,"influenza surveillance reports","2019-01","RSV",205,4,4,2019,27,3304
2019-02-03,"weekly",2019-02-03,4481,"influenza surveillance reports","2019-01","RSV",224,5,5,2019,34,3311
2019-02-10,"weekly",2019-03-03,5330,"influenza surveillance reports","2019-02","RSV",275,6,6,2019,41,3318
2019-02-17,"weekly",2019-03-03,6319,"influenza surveillance reports","2019-02","RSV",335,7,7,2019,48,3325
2019-02-24,"weekly",2019-03-03,6667,"influenza surveillance reports","2019-02","RSV",397,8,8,2019,55,3332
2019-03-03,"weekly",2019-03-03,7035,"influenza surveillance reports","2019-02","RSV",441,9,9,2019,62,3339
2019-03-10,"weekly",2019-03-31,7211,"influenza surveillance reports","2019-03","RSV",493,10,10,2019,69,3346
2019-03-17,"weekly",2019-03-31,7853,"influenza surveillance reports","2019-03","RSV",602,11,11,2019,76,3353
2019-03-24,"weekly",2019-03-31,7989,"influenza surveillance reports","2019-03","RSV",630,12,12,2019,83,3360
2019-03-31,"weekly",2019-03-31,8810,"influenza surveillance reports","2019-03","RSV",858,13,13,2019,90,3367
2019-04-07,"weekly",2019-04-28,9238,"influenza surveillance reports","2019-04","RSV",937,14,14,2019,97,3374
2019-04-14,"weekly",2019-04-28,9599,"influenza surveillance reports","2019-04","RSV",1157,15,15,2019,104,3381
2019-04-21,"weekly",2019-04-28,8627,"influenza surveillance reports","2019-04","RSV",956,16,16,2019,111,3388
2019-04-28,"weekly",2019-04-28,6406,"influenza surveillance reports","2019-04","RSV",740,17,17,2019,118,3395
2019-05-05,"weekly",2019-06-02,9906,"influenza surveillance reports","02062019","RSV",899,18,18,2019,125,3402
2019-05-12,"weekly",2019-06-02,10336,"influenza surveillance reports","02062019","RSV",828,19,19,2019,132,3409
2019-05-19,"weekly",2019-06-02,11786,"influenza surveillance reports","02062019","RSV",891,20,20,2019,139,3416
2019-05-26,"weekly",2019-06-02,13885,"influenza surveillance reports","02062019","RSV",1018,21,21,2019,146,3423
2019-06-02,"weekly",2019-06-02,16029,"influenza surveillance reports","02062019","RSV",1059,22,22,2019,153,3430
2019-06-09,"weekly",2019-06-30,18146,"influenza surveillance reports","30062019","RSV",983,23,23,2019,160,3437
2019-06-16,"weekly",2019-06-30,18577,"influenza surveillance reports","30062019","RSV",965,24,24,2019,167,3444
2019-06-23,"weekly",2019-06-30,21117,"influenza surveillance reports","30062019","RSV",1073,25,25,2019,174,3451
2019-06-30,"weekly",2019-06-30,22888,"influenza surveillance reports","30062019","RSV",1118,26,26,2019,181,3458
2019-07-07,"weekly",2019-08-04,26582,"influenza surveillance reports","04082019","RSV",1334,27,27,2019,188,3465
2019-07-14,"weekly",2019-08-04,27430,"influenza surveillance reports","04082019","RSV",1424,28,28,2019,195,3472
2019-07-21,"weekly",2019-08-04,25486,"influenza surveillance reports","04082019","RSV",1237,29,29,2019,202,3479
2019-07-28,"weekly",2019-08-04,24045,"influenza surveillance reports","04082019","RSV",1063,30,30,2019,209,3486
2019-08-04,"weekly",2019-08-04,23561,"influenza surveillance reports","04082019","RSV",1002,31,31,2019,216,3493
2019-08-11,"weekly",2019-09-01,22566,"influenza surveillance reports","01092019","RSV",892,32,32,2019,223,3500
2019-08-18,"weekly",2019-09-01,24457,"influenza surveillance reports","01092019","RSV",742,33,33,2019,230,3507
2019-08-25,"weekly",2019-09-01,24545,"influenza surveillance reports","01092019","RSV",1001,34,34,2019,237,3514
2019-09-01,"weekly",2019-09-01,23557,"influenza surveillance reports","01092019","RSV",909,35,35,2019,244,3521
2019-09-08,"weekly",2019-09-29,21533,"influenza surveillance reports","29092019","RSV",828,36,36,2019,251,3528
2019-09-15,"weekly",2019-09-29,19759,"influenza surveillance reports","29092019","RSV",700,37,37,2019,258,3535
2019-09-22,"weekly",2019-09-29,17634,"influenza surveillance reports","29092019","RSV",636,38,38,2019,265,3542
2019-09-29,"weekly",2019-09-29,15536,"influenza surveillance reports","29092019","RSV",524,39,39,2019,272,3549
2019-10-06,"weekly",2019-11-03,14230,"influenza surveillance reports","2019-10","RSV",468,40,40,2019,279,3556
2019-10-13,"weekly",2019-11-03,10699,"influenza surveillance reports","2019-10","RSV",327,41,41,2019,286,3563
2019-10-20,"weekly",2019-11-03,10802,"influenza surveillance reports","2019-10","RSV",300,42,42,2019,293,3570
2019-10-27,"weekly",2019-11-03,9906,"influenza surveillance reports","2019-10","RSV",248,43,43,2019,300,3577
2019-11-03,"weekly",2019-11-03,8394,"influenza surveillance reports","2019-10","RSV",184,44,44,2019,307,3584
2019-11-10,"weekly",2019-12-01,8765,"influenza surveillance reports","2019-11","RSV",123,45,45,2019,314,3591
2019-11-17,"weekly",2019-12-01,8475,"influenza surveillance reports","2019-11","RSV",155,46,46,2019,321,3598
2019-11-24,"weekly",2019-12-01,8369,"influenza surveillance reports","2019-11","RSV",124,47,47,2019,328,3605
2019-12-01,"weekly",2019-12-01,7486,"influenza surveillance reports","2019-11","RSV",105,48,48,2019,335,3612
2019-12-08,"weekly",2019-12-29,7579,"influenza surveillance reports","2019-12","RSV",106,49,49,2019,342,3619
2019-12-15,"weekly",2019-12-29,7626,"influenza surveillance reports","2019-12","RSV",103,50,50,2019,349,3626
2019-12-22,"weekly",2019-12-29,7034,"influenza surveillance reports","2019-12","RSV",123,51,51,2019,356,3633
2019-12-29,"weekly",2019-12-29,4683,"influenza surveillance reports","2019-12","RSV",75,52,52,2019,363,3640
2020-01-05,"weekly",2020-02-03,5476,"influenza surveillance reports","2020-01","RSV",97,1,1,2020,5,3647
2020-01-12,"weekly",2020-02-03,6655,"influenza surveillance reports","2020-01","RSV",112,2,2,2020,12,3654
2020-01-19,"weekly",2020-02-03,6230,"influenza surveillance reports","2020-01","RSV",124,3,3,2020,19,3661
2020-01-26,"weekly",2020-02-03,7108,"influenza surveillance reports","2020-01","RSV",172,4,4,2020,26,3668
2020-02-02,"weekly",2020-02-03,9484,"influenza surveillance reports","2020-01","RSV",247,5,5,2020,33,3675
2020-02-09,"weekly",2020-03-01,9822,"influenza surveillance reports","2020-02","RSV",229,6,6,2020,40,3682
2020-02-16,"weekly",2020-03-01,9376,"influenza surveillance reports","2020-02","RSV",255,7,7,2020,47,3689
2020-02-23,"weekly",2020-03-01,9913,"influenza surveillance reports","2020-02","RSV",300,8,8,2020,54,3696
2020-03-01,"weekly",2020-03-01,11161,"influenza surveillance reports","2020-02","RSV",328,9,9,2020,61,3703
2020-03-08,"weekly",2020-03-29,15684,"influenza surveillance reports","2020-03","RSV",414,10,10,2020,68,3710
2020-03-15,"weekly",2020-03-29,27965,"influenza surveillance reports","2020-03","RSV",654,11,11,2020,75,3717
2020-03-22,"weekly",2020-03-29,23276,"influenza surveillance reports","2020-03","RSV",502,12,12,2020,82,3724
2020-03-29,"weekly",2020-03-29,13309,"influenza surveillance reports","2020-03","RSV",274,13,13,2020,89,3731
2020-04-05,,,,,,,,14,14,2020,96,3738
2020-04-12,,,,,,,,15,15,2020,103,3745
2020-04-19,,,,,,,,16,16,2020,110,3752
2020-04-26,,,,,,,,17,17,2020,117,3759
2020-05-03,,,,,,,,18,18,2020,124,3766
2020-05-10,"weekly",2020-05-31,17628,"covid surveillance reports","20200606","RSV",34,19,19,2020,131,3773
2020-05-17,"weekly",2020-05-31,19085,"covid surveillance reports","20200606","RSV",27,20,20,2020,138,3780
2020-05-24,"weekly",2020-05-31,16649,"covid surveillance reports","20200606","RSV",14,21,21,2020,145,3787
2020-05-31,"weekly",2020-06-07,17956,"covid surveillance reports","20200617","RSV",14,22,22,2020,152,3794
2020-06-07,"weekly",2020-06-28,26716,"covid surveillance reports","20200704","RSV",28,23,23,2020,159,3801
2020-06-14,"weekly",2020-06-28,29628,"covid surveillance reports","20200704","RSV",39,24,24,2020,166,3808
2020-06-21,"weekly",2020-06-28,35765,"covid surveillance reports","20200704","RSV",52,25,25,2020,173,3815
2020-06-28,"weekly",2020-06-28,31889,"covid surveillance reports","20200704","RSV",59,26,26,2020,180,3822
2020-07-05,"weekly",2020-08-02,37394,"covid surveillance reports","20200808","RSV",42,27,27,2020,187,3829
2020-07-12,"weekly",2020-08-02,43126,"covid surveillance reports","20200808","RSV",48,28,28,2020,194,3836
2020-07-19,"weekly",2020-08-02,47262,"covid surveillance reports","20200808","RSV",38,29,29,2020,201,3843
2020-07-26,"weekly",2020-08-02,48809,"covid surveillance reports","20200808","RSV",38,30,30,2020,208,3850
2020-08-02,"weekly",2020-08-02,45556,"covid surveillance reports","20200808","RSV",43,31,31,2020,215,3857
2020-08-09,"weekly",2020-08-30,49835,"covid surveillance reports","20200905","RSV",65,32,32,2020,222,3864
2020-08-16,"weekly",2020-08-30,37799,"covid surveillance reports","20200905","RSV",60,33,33,2020,229,3871
2020-08-23,"weekly",2020-08-30,42323,"covid surveillance reports","20200905","RSV",82,34,34,2020,236,3878
2020-08-30,"weekly",2020-08-30,39308,"covid surveillance reports","20200905","RSV",92,35,35,2020,243,3885
2020-09-06,"weekly",2020-09-27,47013,"covid surveillance reports","20201009","RSV",127,36,36,2020,250,3892
2020-09-13,"weekly",2020-09-27,37909,"covid surveillance reports","20201009","RSV",149,37,37,2020,257,3899
2020-09-20,"weekly",2020-09-27,32267,"covid surveillance reports","20201009","RSV",250,38,38,2020,264,3906
2020-09-27,"weekly",2020-09-27,28300,"covid surveillance reports","20201009","RSV",340,39,39,2020,271,3913
2020-10-04,"weekly",2020-11-01,24539,"covid surveillance reports","20201107","RSV",426,40,40,2020,278,3920
2020-10-11,"weekly",2020-11-01,20808,"covid surveillance reports","20201107","RSV",473,41,41,2020,285,3927
2020-10-18,"weekly",2020-11-01,25078,"covid surveillance reports","20201107","RSV",640,42,42,2020,292,3934
2020-10-25,"weekly",2020-11-01,26740,"covid surveillance reports","20201107","RSV",803,43,43,2020,299,3941
2020-11-01,"weekly",2020-11-01,24157,"covid surveillance reports","20201107","RSV",1041,44,44,2020,306,3948
2020-11-08,"weekly",2020-12-06,31883,"covid surveillance reports","20201212","RSV",1580,45,45,2020,313,3955
2020-11-15,"weekly",2020-12-06,37010,"covid surveillance reports","20201212","RSV",1693,46,46,2020,320,3962
2020-11-22,"weekly",2020-12-06,32467,"covid surveillance reports","20201212","RSV",1433,47,47,2020,327,3969
2020-11-29,"weekly",2020-12-06,27804,"covid surveillance reports","20201212","RSV",1549,48,48,2020,334,3976
2020-12-06,"weekly",2020-12-27,24404,"covid surveillance reports","20210116","RSV",1614,49,49,2020,341,3983
2020-12-13,"weekly",2020-12-27,24954,"covid surveillance reports","20210116","RSV",1666,50,50,2020,348,3990
2020-12-20,"weekly",2020-12-27,51622,"covid surveillance reports","20210116","RSV",1801,51,51,2020,355,3997
2020-12-27,"weekly",2020-12-27,66776,"covid surveillance reports","20210116","RSV",1236,52,52,2020,362,4004
2021-01-03,"weekly",2021-01-31,45456,"covid surveillance reports","20210206","RSV",919,53,1,2021,3,4011
2021-01-10,"weekly",2021-01-31,46948,"covid surveillance reports","20210206","RSV",744,1,2,2021,10,4018
2021-01-17,"weekly",2021-01-31,31565,"covid surveillance reports","20210206","RSV",573,2,3,2021,17,4025
2021-01-24,"weekly",2021-01-31,24257,"covid surveillance reports","20210206","RSV",453,3,4,2021,24,4032
2021-01-31,"weekly",2021-01-31,20370,"covid surveillance reports","20210206","RSV",586,4,5,2021,31,4039
2021-02-07,"weekly",2021-02-28,24256,"covid surveillance reports","20210306","RSV",614,5,6,2021,38,4046
2021-02-14,"weekly",2021-02-28,35304,"covid surveillance reports","20210306","RSV",583,6,7,2021,45,4053
2021-02-21,"weekly",2021-02-28,35409,"covid surveillance reports","20210306","RSV",550,7,8,2021,52,4060
2021-02-28,"weekly",2021-02-28,30749,"covid surveillance reports","20210306","RSV",634,8,9,2021,59,4067
2021-03-07,"weekly",2021-03-21,27612,"covid surveillance reports","20210327","RSV",482,9,10,2021,66,4074
2021-03-14,"weekly",2021-03-21,24783,"covid surveillance reports","20210327","RSV",540,10,11,2021,73,4081
2021-03-21,"weekly",2021-03-21,23014,"covid surveillance reports","20210327","RSV",442,11,12,2021,80,4088
2021-03-28,,,,,,,,12,13,2021,87,4095
2021-04-04,"weekly",2021-05-13,28021,"covid surveillance reports","20210513","RSV",368,13,14,2021,94,4102
2021-04-11,"weekly",2021-05-13,19382,"covid surveillance reports","20210513","RSV",387,14,15,2021,101,4109
2021-04-18,"weekly",2021-05-13,20263,"covid surveillance reports","20210513","RSV",311,15,16,2021,108,4116
2021-04-25,"weekly",2021-05-13,21195,"covid surveillance reports","20210513","RSV",315,16,17,2021,115,4123
2021-05-02,"weekly",2021-05-13,24101,"covid surveillance reports","20210513","RSV",272,17,18,2021,122,4130
2021-05-09,"weekly",2021-06-11,30643,"covid surveillance reports","20210611","RSV",336,18,19,2021,129,4137
2021-05-16,"weekly",2021-06-11,33277,"covid surveillance reports","20210611","RSV",379,19,20,2021,136,4144
2021-05-23,"weekly",2021-06-11,32116,"covid surveillance reports","20210611","RSV",368,20,21,2021,143,4151
2021-05-30,"weekly",2021-06-11,35280,"covid surveillance reports","20210611","RSV",409,21,22,2021,150,4158
2021-06-06,"weekly",2021-07-19,40405,"covid surveillance reports","20210719","RSV",531,22,23,2021,157,4165
2021-06-13,"weekly",2021-07-19,41306,"covid surveillance reports","20210719","RSV",678,23,24,2021,164,4172
2021-06-20,"weekly",2021-07-19,45936,"covid surveillance reports","20210719","RSV",629,24,25,2021,171,4179
2021-06-27,"weekly",2021-07-19,115892,"covid surveillance reports","20210719","RSV",910,25,26,2021,178,4186
2021-07-04,"weekly",2021-08-02,116414,"covid surveillance reports","20210802","RSV",994,26,27,2021,185,4193
2021-07-11,"weekly",2021-08-02,88691,"covid surveillance reports","20210802","RSV",953,27,28,2021,192,4200
2021-07-18,,,,,,,,28,29,2021,199,4207
2021-07-25,,,,,,,,29,30,2021,206,4214
2021-08-01,"weekly",2021-09-28,24651,"covid surveillance reports","20210928","RSV",317,30,31,2021,213,4221
2021-08-08,"weekly",2021-09-28,36453,"covid surveillance reports","20210928","RSV",210,31,32,2021,220,4228
2021-08-15,"weekly",2021-09-28,45226,"covid surveillance reports","20210928","RSV",165,32,33,2021,227,4235
2021-08-22,"weekly",2021-09-28,29858,"covid surveillance reports","20210928","RSV",105,33,34,2021,234,4242
2021-08-29,"weekly",2021-09-28,20875,"covid surveillance reports","20210928","RSV",55,34,35,2021,241,4249
2021-09-05,"weekly",2021-11-04,23303,"covid surveillance reports","20211104","RSV",54,35,36,2021,248,4256
2021-09-12,"weekly",2021-11-04,23446,"covid surveillance reports","20211104","RSV",28,36,37,2021,255,4263
2021-09-19,"weekly",2021-11-04,22528,"covid surveillance reports","20211104","RSV",25,37,38,2021,262,4270
2021-09-26,"weekly",2021-11-04,25659,"covid surveillance reports","20211104","RSV",17,38,39,2021,269,4277
2021-10-03,"weekly",2021-11-20,20048,"covid surveillance reports","20211120","RSV",14,39,40,2021,276,4284
2021-10-10,"weekly",2021-11-20,17657,"covid surveillance reports","20211120","RSV",8,40,41,2021,283,4291
2021-10-17,"weekly",2021-11-20,15687,"covid surveillance reports","20211120","RSV",6,41,42,2021,290,4298
2021-10-24,"weekly",2021-11-20,16284,"covid surveillance reports","20211120","RSV",6,42,43,2021,297,4305
2021-10-31,"weekly",2021-11-20,18892,"covid surveillance reports","20211120","RSV",6,43,44,2021,304,4312
2021-11-07,"weekly",2022-01-13,16747,"covid surveillance reports","20220113","RSV",5,44,45,2021,311,4319
2021-11-14,"weekly",2022-01-13,14621,"covid surveillance reports","20220113","RSV",12,45,46,2021,318,4326
2021-11-21,"weekly",2022-01-13,12920,"covid surveillance reports","20220113","RSV",6,46,47,2021,325,4333
2021-11-28,"weekly",2022-01-13,11437,"covid surveillance reports","20220113","RSV",8,47,48,2021,332,4340
2021-12-05,"weekly",2022-02-01,10675,"covid surveillance reports","20220201","RSV",9,48,49,2021,339,4347
2021-12-12,"weekly",2022-02-01,7168,"covid surveillance reports","20220201","RSV",8,49,50,2021,346,4354
2021-12-19,"weekly",2022-02-01,7968,"covid surveillance reports","20220201","RSV",8,50,51,2021,353,4361
2021-12-26,"weekly",2022-02-04,10223,"covid surveillance reports","20220204","RSV",9,51,52,2021,360,4368
2022-01-02,"weekly",2022-02-14,10742,"covid surveillance reports","20220214","RSV",9,52,1,2022,2,4375
2022-01-09,"weekly",2022-02-23,9588,"covid surveillance reports","20220223","RSV",4,1,2,2022,9,4382
2022-01-16,"weekly",2022-03-03,15222,"covid surveillance reports","20220303","RSV",2,2,3,2022,16,4389
2022-01-23,"weekly",2022-03-03,14308,"covid surveillance reports","20220303","RSV",1,3,4,2022,23,4396
2022-01-30,"weekly",2022-03-03,14012,"covid surveillance reports","20220303","RSV",9,4,5,2022,30,4403
2022-02-06,"weekly",2022-03-03,13861,"covid surveillance reports","20220303","RSV",10,5,6,2022,37,4410
